{"loss": [0.7501600384712219, 0.6121578812599182, 0.6228281855583191, 0.5992476940155029, 0.5905823707580566, 0.5873128175735474, 0.5777105093002319, 0.5552659630775452, 0.5483545660972595, 0.5147687792778015, 0.4981960654258728, 0.5181377530097961, 0.47409486770629883, 0.48021626472473145, 0.47326287627220154, 0.46923330426216125, 0.47545889019966125, 0.4734170138835907, 0.45497941970825195, 0.48902347683906555, 0.46134501695632935, 0.45696499943733215, 0.4632672965526581, 0.4694627523422241, 0.4388083219528198, 0.44754931330680847, 0.4454197287559509, 0.45662662386894226, 0.44234463572502136, 0.45039308071136475, 0.44419488310813904, 0.4375562369823456, 0.440820574760437, 0.4614708721637726, 0.43384620547294617, 0.4506109356880188, 0.45220693945884705, 0.4449456036090851, 0.45377400517463684, 0.4450255036354065, 0.44618332386016846, 0.4503428339958191, 0.44398853182792664, 0.4352358281612396, 0.4600677788257599, 0.4371104836463928, 0.4185503423213959, 0.44482266902923584, 0.44487398862838745, 0.4380517899990082], "val_loss": [0.6134417057037354, 0.6413998603820801, 0.6252090930938721, 0.6241650581359863, 0.6136379837989807, 0.613681435585022, 0.6421517133712769, 0.6376839876174927, 0.6050288081169128, 0.5565512180328369, 0.5700194239616394, 0.5696436762809753, 0.5375469326972961, 0.5861305594444275, 0.5671873092651367, 0.518993616104126, 0.5933578610420227, 0.5747427940368652, 0.4967781901359558, 0.49609243869781494, 0.4782518446445465, 0.4769834876060486, 0.4785109758377075, 0.4853515625, 0.5062289237976074, 0.48198202252388, 0.4690381586551666, 0.4743730425834656, 0.4767262935638428, 0.4850262403488159, 0.4828234314918518, 0.4755781292915344, 0.4674357771873474, 0.47824522852897644, 0.5137969851493835, 0.5186135172843933, 0.4949661195278168, 0.49332424998283386, 0.498248815536499, 0.47555598616600037, 0.5061313509941101, 0.4822032153606415, 0.49744194746017456, 0.4673101007938385, 0.462758868932724, 0.4636498689651489, 0.46994635462760925, 0.46130213141441345, 0.5419771671295166, 0.4708298444747925], "accuracy": [0.5800561904907227, 0.6643258333206177, 0.648876428604126, 0.692415714263916, 0.6896067261695862, 0.6952247023582458, 0.7022472023963928, 0.6980336904525757, 0.7401685118675232, 0.7485954761505127, 0.7640449404716492, 0.7780898809432983, 0.7808988690376282, 0.7752808928489685, 0.7766854166984558, 0.790730357170105, 0.7794944047927856, 0.7893258333206177, 0.8047752976417542, 0.7865168452262878, 0.8061797618865967, 0.7893258333206177, 0.8061797618865967, 0.7921348214149475, 0.800561785697937, 0.8061797618865967, 0.807584285736084, 0.783707857131958, 0.8047752976417542, 0.800561785697937, 0.7977527976036072, 0.8132022619247437, 0.8061797618865967, 0.8047752976417542, 0.8103932738304138, 0.8089887499809265, 0.800561785697937, 0.807584285736084, 0.7977527976036072, 0.8061797618865967, 0.7949438095092773, 0.800561785697937, 0.7949438095092773, 0.8188202381134033, 0.7921348214149475, 0.8061797618865967, 0.8230336904525757, 0.8033707737922668, 0.807584285736084, 0.807584285736084], "val_accuracy": [0.6536312699317932, 0.6648044586181641, 0.6759776473045349, 0.6648044586181641, 0.6424580812454224, 0.6424580812454224, 0.6201117038726807, 0.6201117038726807, 0.6703910827636719, 0.7262569665908813, 0.7094972133636475, 0.7318435907363892, 0.74301677942276, 0.6927374005317688, 0.7094972133636475, 0.7653631567955017, 0.6927374005317688, 0.7039105892181396, 0.7653631567955017, 0.7932960987091064, 0.7709497213363647, 0.7821229100227356, 0.7877094745635986, 0.7765362858772278, 0.7709497213363647, 0.7541899681091309, 0.7709497213363647, 0.7597765326499939, 0.7988826632499695, 0.7988826632499695, 0.7877094745635986, 0.7597765326499939, 0.7653631567955017, 0.7709497213363647, 0.7597765326499939, 0.7653631567955017, 0.7541899681091309, 0.7709497213363647, 0.7765362858772278, 0.7597765326499939, 0.7877094745635986, 0.7932960987091064, 0.7877094745635986, 0.748603343963623, 0.7877094745635986, 0.7709497213363647, 0.7821229100227356, 0.7709497213363647, 0.7150837779045105, 0.7877094745635986]}