{"loss": [0.6358362436294556, 0.5977939367294312, 0.5931842923164368, 0.5805962085723877, 0.5786676406860352, 0.5641440153121948, 0.5551407933235168, 0.5581127405166626, 0.5522519946098328, 0.5349761247634888, 0.5546886324882507, 0.5337052345275879, 0.5211305618286133, 0.5209857225418091, 0.5135146379470825, 0.5127202868461609, 0.508195698261261, 0.5093067288398743, 0.4913423955440521, 0.48904144763946533, 0.49185994267463684, 0.48638299107551575, 0.47757625579833984, 0.4792812764644623, 0.47298353910446167, 0.4888703525066376, 0.47969770431518555, 0.46485549211502075, 0.4711149036884308, 0.4784058630466461, 0.4776424169540405, 0.4514952600002289, 0.4504551291465759, 0.4474433660507202, 0.46827685832977295, 0.4599003791809082, 0.4494996964931488, 0.4465668797492981, 0.4631431996822357, 0.4477722644805908, 0.4544644355773926, 0.45636022090911865, 0.44594985246658325, 0.4537282884120941, 0.4447475075721741, 0.43438512086868286, 0.43690764904022217, 0.43836554884910583, 0.4365052580833435, 0.42872104048728943], "val_loss": [0.6331477761268616, 0.660116970539093, 0.6932031512260437, 0.586319625377655, 0.6485744714736938, 0.5918890833854675, 0.5685503482818604, 0.5775733590126038, 0.5575770139694214, 0.5871652960777283, 0.6050347089767456, 0.5584085583686829, 0.5718715786933899, 0.564565896987915, 0.5304449200630188, 0.5385352969169617, 0.6190690398216248, 0.5623281598091125, 0.5379383563995361, 0.5089205503463745, 0.5459494590759277, 0.5322710871696472, 0.4936557412147522, 0.5026117563247681, 0.4791097342967987, 0.481719046831131, 0.47254082560539246, 0.5040910243988037, 0.5270611047744751, 0.47188904881477356, 0.4610661268234253, 0.4756241738796234, 0.49049219489097595, 0.4685533940792084, 0.4693818688392639, 0.4800601005554199, 0.4580278992652893, 0.4775439500808716, 0.45267078280448914, 0.46461939811706543, 0.4680144786834717, 0.47814634442329407, 0.5671228766441345, 0.46891331672668457, 0.44156718254089355, 0.4326924681663513, 0.43616771697998047, 0.4409821033477783, 0.4622556269168854, 0.46341514587402344], "accuracy": [0.682584285736084, 0.7120786309242249, 0.7120786309242249, 0.7148876190185547, 0.716292142868042, 0.733146071434021, 0.726123571395874, 0.726123571395874, 0.726123571395874, 0.742977499961853, 0.726123571395874, 0.7359550595283508, 0.75, 0.7415730357170105, 0.7612359523773193, 0.75, 0.7542135119438171, 0.766853928565979, 0.757022500038147, 0.7808988690376282, 0.7780898809432983, 0.783707857131958, 0.7808988690376282, 0.7823033928871155, 0.783707857131958, 0.7893258333206177, 0.7977527976036072, 0.7893258333206177, 0.7780898809432983, 0.8019663095474243, 0.7977527976036072, 0.8019663095474243, 0.8047752976417542, 0.8132022619247437, 0.7879213690757751, 0.7794944047927856, 0.8089887499809265, 0.8089887499809265, 0.800561785697937, 0.7977527976036072, 0.8047752976417542, 0.7949438095092773, 0.7991573214530945, 0.8089887499809265, 0.7991573214530945, 0.8188202381134033, 0.8047752976417542, 0.8019663095474243, 0.8103932738304138, 0.8117977380752563], "val_accuracy": [0.6759776473045349, 0.6927374005317688, 0.7039105892181396, 0.7039105892181396, 0.7318435907363892, 0.7318435907363892, 0.7094972133636475, 0.7206704020500183, 0.7541899681091309, 0.7262569665908813, 0.74301677942276, 0.74301677942276, 0.748603343963623, 0.748603343963623, 0.7541899681091309, 0.7318435907363892, 0.7653631567955017, 0.7597765326499939, 0.7541899681091309, 0.7653631567955017, 0.7709497213363647, 0.7597765326499939, 0.7765362858772278, 0.7821229100227356, 0.7709497213363647, 0.7821229100227356, 0.7765362858772278, 0.7653631567955017, 0.7709497213363647, 0.7988826632499695, 0.7988826632499695, 0.7765362858772278, 0.7765362858772278, 0.7877094745635986, 0.7765362858772278, 0.7821229100227356, 0.8044692873954773, 0.7597765326499939, 0.7988826632499695, 0.7877094745635986, 0.7988826632499695, 0.7821229100227356, 0.7374301552772522, 0.748603343963623, 0.7877094745635986, 0.7988826632499695, 0.7932960987091064, 0.8044692873954773, 0.7541899681091309, 0.7765362858772278]}